1,Fall
1,Winter
2,Spring
2,Fall
3,Special
4,Spring
4,Summer
4,Fall
4,Winter
5,Spring
5,Summer
5,Fall
5,Winter
6,Spring
6,Summer
6,Fall
6,Winter
6,Special
7,Spring
7,Fall
7,Winter
7,Special
8,Summer
8,Special
9,Spring
9,Summer
9,Fall
9,Winter
10,Summer
11,Spring
11,Fall
12,Spring
12,Summer
12,Special
13,Special
14,Spring
14,Summer
14,Fall
14,Winter
15,Spring
15,Summer
15,Winter
16,Spring
16,Winter
17,Special
18,Spring
18,Summer
18,Fall
18,Winter
19,Special
20,Winter
21,Special
22,Fall
22,Winter
22,Special
23,Summer
23,Special
24,Winter
25,Summer
25,Winter
26,Summer
26,Special
27,Summer
28,Summer
28,Winter
29,Summer
29,Fall
29,Winter
30,Fall
31,Special
32,Spring
32,Fall
32,Winter
33,Special
34,Fall
34,Winter
35,Spring
35,Summer
35,Fall
36,Special
37,Spring
37,Fall
38,Winter
39,Special
40,Special
41,Summer
41,Winter
42,Spring
42,Summer
43,Summer
43,Fall
43,Special
44,Fall
44,Winter
45,Summer
45,Fall
45,Special
46,Summer
46,Winter
46,Special
47,Special
48,Fall
48,Winter
49,Spring
49,Summer
49,Fall
49,Winter
